series_id,series_name,country,year,category,value,unit,source
hh_cons_gdp,居民消费占GDP比重,中国,2000,,46.75,%,世界银行 NE.CON.PRVT.ZS
gcf_gdp,资本形成占GDP比重,中国,2000,,33.63,%,世界银行 NE.GDI.TOTL.ZS
gov_cons_gdp,政府消费占GDP比重,中国,2000,,16.98,%,世界银行 NE.CON.GOVT.ZS
hh_cons_gdp,居民消费占GDP比重,美国,2000,,66.02,%,世界银行 NE.CON.PRVT.ZS
pce_gdp_bea,个人消费支出PCE占GDP比重（BEA最新修订）,美国,2000,,66.015,%,BEA via FRED PCECA/GDPA
pce_services_share,服务占PCE比重,美国,2000,,63.749,%,BEA via FRED PCESVA/PCECA
pce_durable_share,耐用品占PCE比重,美国,2000,,13.485,%,BEA via FRED PCDGA/PCECA
pce_nondurable_share,非耐用品占PCE比重,美国,2000,,22.766,%,BEA via FRED PCNDA/PCECA
births,出生人口,中国,2000,,1771,万人,国家统计局 各年统计公报初值
deaths,死亡人口,中国,2000,,814,万人,国家统计局 各年统计公报初值
pop_year_end,年末总人口,中国,2000,,126743,万人,国家统计局《中国统计年鉴》人口年龄结构和抚养比
age_c,0-14岁占比,中国,2000,,22.9,%,国家统计局《中国统计年鉴》人口年龄结构和抚养比
age_w,15-64岁占比,中国,2000,,70.1,%,国家统计局《中国统计年鉴》人口年龄结构和抚养比
age_o,65岁及以上占比,中国,2000,,7.0,%,国家统计局《中国统计年鉴》人口年龄结构和抚养比
age_dep,总抚养比,中国,2000,,42.6,%,国家统计局《中国统计年鉴》人口年龄结构和抚养比
age_depc,少儿抚养比,中国,2000,,32.6,%,国家统计局《中国统计年鉴》人口年龄结构和抚养比
age_depo,老年抚养比,中国,2000,,9.9,%,国家统计局《中国统计年鉴》人口年龄结构和抚养比
hh_cons_gdp,居民消费占GDP比重,中国,2001,,45.57,%,世界银行 NE.CON.PRVT.ZS
gcf_gdp,资本形成占GDP比重,中国,2001,,35.52,%,世界银行 NE.GDI.TOTL.ZS
gov_cons_gdp,政府消费占GDP比重,中国,2001,,16.57,%,世界银行 NE.CON.GOVT.ZS
hh_cons_gdp,居民消费占GDP比重,美国,2001,,66.85,%,世界银行 NE.CON.PRVT.ZS
pce_gdp_bea,个人消费支出PCE占GDP比重（BEA最新修订）,美国,2001,,66.848,%,BEA via FRED PCECA/GDPA
pce_services_share,服务占PCE比重,美国,2001,,64.297,%,BEA via FRED PCESVA/PCECA
pce_durable_share,耐用品占PCE比重,美国,2001,,13.31,%,BEA via FRED PCDGA/PCECA
pce_nondurable_share,非耐用品占PCE比重,美国,2001,,22.394,%,BEA via FRED PCNDA/PCECA
births,出生人口,中国,2001,,1702,万人,国家统计局 各年统计公报初值
deaths,死亡人口,中国,2001,,818,万人,国家统计局 各年统计公报初值
pop_year_end,年末总人口,中国,2001,,127627,万人,国家统计局《中国统计年鉴》人口年龄结构和抚养比
age_c,0-14岁占比,中国,2001,,22.5,%,国家统计局《中国统计年鉴》人口年龄结构和抚养比
age_w,15-64岁占比,中国,2001,,70.4,%,国家统计局《中国统计年鉴》人口年龄结构和抚养比
age_o,65岁及以上占比,中国,2001,,7.1,%,国家统计局《中国统计年鉴》人口年龄结构和抚养比
age_dep,总抚养比,中国,2001,,42.0,%,国家统计局《中国统计年鉴》人口年龄结构和抚养比
age_depc,少儿抚养比,中国,2001,,32.0,%,国家统计局《中国统计年鉴》人口年龄结构和抚养比
age_depo,老年抚养比,中国,2001,,10.1,%,国家统计局《中国统计年鉴》人口年龄结构和抚养比
hh_cons_gdp,居民消费占GDP比重,中国,2002,,44.98,%,世界银行 NE.CON.PRVT.ZS
gcf_gdp,资本形成占GDP比重,中国,2002,,36.07,%,世界银行 NE.GDI.TOTL.ZS
gov_cons_gdp,政府消费占GDP比重,中国,2002,,16.22,%,世界银行 NE.CON.GOVT.ZS
hh_cons_gdp,居民消费占GDP比重,美国,2002,,67.24,%,世界银行 NE.CON.PRVT.ZS
pce_gdp_bea,个人消费支出PCE占GDP比重（BEA最新修订）,美国,2002,,67.242,%,BEA via FRED PCECA/GDPA
pce_services_share,服务占PCE比重,美国,2002,,64.637,%,BEA via FRED PCESVA/PCECA
pce_durable_share,耐用品占PCE比重,美国,2002,,13.408,%,BEA via FRED PCDGA/PCECA
pce_nondurable_share,非耐用品占PCE比重,美国,2002,,21.955,%,BEA via FRED PCNDA/PCECA
births,出生人口,中国,2002,,1647,万人,国家统计局 各年统计公报初值
deaths,死亡人口,中国,2002,,821,万人,国家统计局 各年统计公报初值
pop_year_end,年末总人口,中国,2002,,128453,万人,国家统计局《中国统计年鉴》人口年龄结构和抚养比
age_c,0-14岁占比,中国,2002,,22.4,%,国家统计局《中国统计年鉴》人口年龄结构和抚养比
age_w,15-64岁占比,中国,2002,,70.3,%,国家统计局《中国统计年鉴》人口年龄结构和抚养比
age_o,65岁及以上占比,中国,2002,,7.3,%,国家统计局《中国统计年鉴》人口年龄结构和抚养比
age_dep,总抚养比,中国,2002,,42.2,%,国家统计局《中国统计年鉴》人口年龄结构和抚养比
age_depc,少儿抚养比,中国,2002,,31.9,%,国家统计局《中国统计年鉴》人口年龄结构和抚养比
age_depo,老年抚养比,中国,2002,,10.4,%,国家统计局《中国统计年鉴》人口年龄结构和抚养比
hh_cons_gdp,居民消费占GDP比重,中国,2003,,42.81,%,世界银行 NE.CON.PRVT.ZS
gcf_gdp,资本形成占GDP比重,中国,2003,,39.43,%,世界银行 NE.GDI.TOTL.ZS
gov_cons_gdp,政府消费占GDP比重,中国,2003,,15.46,%,世界银行 NE.CON.GOVT.ZS
hh_cons_gdp,居民消费占GDP比重,美国,2003,,67.57,%,世界银行 NE.CON.PRVT.ZS
pce_gdp_bea,个人消费支出PCE占GDP比重（BEA最新修订）,美国,2003,,67.567,%,BEA via FRED PCECA/GDPA
pce_services_share,服务占PCE比重,美国,2003,,64.828,%,BEA via FRED PCESVA/PCECA
pce_durable_share,耐用品占PCE比重,美国,2003,,13.149,%,BEA via FRED PCDGA/PCECA
pce_nondurable_share,非耐用品占PCE比重,美国,2003,,22.024,%,BEA via FRED PCNDA/PCECA
births,出生人口,中国,2003,,1599,万人,国家统计局 各年统计公报初值
deaths,死亡人口,中国,2003,,825,万人,国家统计局 各年统计公报初值
pop_year_end,年末总人口,中国,2003,,129227,万人,国家统计局《中国统计年鉴》人口年龄结构和抚养比
age_c,0-14岁占比,中国,2003,,22.1,%,国家统计局《中国统计年鉴》人口年龄结构和抚养比
age_w,15-64岁占比,中国,2003,,70.4,%,国家统计局《中国统计年鉴》人口年龄结构和抚养比
age_o,65岁及以上占比,中国,2003,,7.5,%,国家统计局《中国统计年鉴》人口年龄结构和抚养比
age_dep,总抚养比,中国,2003,,42.0,%,国家统计局《中国统计年鉴》人口年龄结构和抚养比
age_depc,少儿抚养比,中国,2003,,31.4,%,国家统计局《中国统计年鉴》人口年龄结构和抚养比
age_depo,老年抚养比,中国,2003,,10.7,%,国家统计局《中国统计年鉴》人口年龄结构和抚养比
hh_cons_gdp,居民消费占GDP比重,中国,2004,,40.75,%,世界银行 NE.CON.PRVT.ZS
gcf_gdp,资本形成占GDP比重,中国,2004,,41.63,%,世界银行 NE.GDI.TOTL.ZS
gov_cons_gdp,政府消费占GDP比重,中国,2004,,14.78,%,世界银行 NE.CON.GOVT.ZS
hh_cons_gdp,居民消费占GDP比重,美国,2004,,67.38,%,世界银行 NE.CON.PRVT.ZS
pce_gdp_bea,个人消费支出PCE占GDP比重（BEA最新修订）,美国,2004,,67.38,%,BEA via FRED PCECA/GDPA
pce_services_share,服务占PCE比重,美国,2004,,64.747,%,BEA via FRED PCESVA/PCECA
pce_durable_share,耐用品占PCE比重,美国,2004,,13.127,%,BEA via FRED PCDGA/PCECA
pce_nondurable_share,非耐用品占PCE比重,美国,2004,,22.127,%,BEA via FRED PCNDA/PCECA
births,出生人口,中国,2004,,1593,万人,国家统计局 各年统计公报初值
deaths,死亡人口,中国,2004,,832,万人,国家统计局 各年统计公报初值
pop_year_end,年末总人口,中国,2004,,129988,万人,国家统计局《中国统计年鉴》人口年龄结构和抚养比
age_c,0-14岁占比,中国,2004,,21.5,%,国家统计局《中国统计年鉴》人口年龄结构和抚养比
age_w,15-64岁占比,中国,2004,,70.9,%,国家统计局《中国统计年鉴》人口年龄结构和抚养比
age_o,65岁及以上占比,中国,2004,,7.6,%,国家统计局《中国统计年鉴》人口年龄结构和抚养比
age_dep,总抚养比,中国,2004,,41.0,%,国家统计局《中国统计年鉴》人口年龄结构和抚养比
age_depc,少儿抚养比,中国,2004,,30.3,%,国家统计局《中国统计年鉴》人口年龄结构和抚养比
age_depo,老年抚养比,中国,2004,,10.7,%,国家统计局《中国统计年鉴》人口年龄结构和抚养比
hh_cons_gdp,居民消费占GDP比重,中国,2005,,39.81,%,世界银行 NE.CON.PRVT.ZS
gcf_gdp,资本形成占GDP比重,中国,2005,,40.18,%,世界银行 NE.GDI.TOTL.ZS
gov_cons_gdp,政府消费占GDP比重,中国,2005,,14.98,%,世界银行 NE.CON.GOVT.ZS
hh_cons_gdp,居民消费占GDP比重,美国,2005,,67.25,%,世界银行 NE.CON.PRVT.ZS
pce_gdp_bea,个人消费支出PCE占GDP比重（BEA最新修订）,美国,2005,,67.252,%,BEA via FRED PCECA/GDPA
pce_services_share,服务占PCE比重,美国,2005,,64.843,%,BEA via FRED PCESVA/PCECA
pce_durable_share,耐用品占PCE比重,美国,2005,,12.87,%,BEA via FRED PCDGA/PCECA
pce_nondurable_share,非耐用品占PCE比重,美国,2005,,22.286,%,BEA via FRED PCNDA/PCECA
births,出生人口,中国,2005,,1617,万人,国家统计局 各年统计公报初值
deaths,死亡人口,中国,2005,,849,万人,国家统计局 各年统计公报初值
pop_year_end,年末总人口,中国,2005,,130756,万人,国家统计局《中国统计年鉴》人口年龄结构和抚养比
age_c,0-14岁占比,中国,2005,,20.3,%,国家统计局《中国统计年鉴》人口年龄结构和抚养比
age_w,15-64岁占比,中国,2005,,72.0,%,国家统计局《中国统计年鉴》人口年龄结构和抚养比
age_o,65岁及以上占比,中国,2005,,7.7,%,国家统计局《中国统计年鉴》人口年龄结构和抚养比
age_dep,总抚养比,中国,2005,,38.8,%,国家统计局《中国统计年鉴》人口年龄结构和抚养比
age_depc,少儿抚养比,中国,2005,,28.1,%,国家统计局《中国统计年鉴》人口年龄结构和抚养比
age_depo,老年抚养比,中国,2005,,10.7,%,国家统计局《中国统计年鉴》人口年龄结构和抚养比
hh_cons_gdp,居民消费占GDP比重,中国,2006,,38.0,%,世界银行 NE.CON.PRVT.ZS
gcf_gdp,资本形成占GDP比重,中国,2006,,39.69,%,世界银行 NE.GDI.TOTL.ZS
gov_cons_gdp,政府消费占GDP比重,中国,2006,,15.03,%,世界银行 NE.CON.GOVT.ZS
hh_cons_gdp,居民消费占GDP比重,美国,2006,,67.15,%,世界银行 NE.CON.PRVT.ZS
pce_gdp_bea,个人消费支出PCE占GDP比重（BEA最新修订）,美国,2006,,67.151,%,BEA via FRED PCECA/GDPA
pce_services_share,服务占PCE比重,美国,2006,,65.08,%,BEA via FRED PCESVA/PCECA
pce_durable_share,耐用品占PCE比重,美国,2006,,12.486,%,BEA via FRED PCDGA/PCECA
pce_nondurable_share,非耐用品占PCE比重,美国,2006,,22.435,%,BEA via FRED PCNDA/PCECA
births,出生人口,中国,2006,,1585,万人,国家统计局 各年统计公报初值
deaths,死亡人口,中国,2006,,892,万人,国家统计局 各年统计公报初值
pop_year_end,年末总人口,中国,2006,,131448,万人,国家统计局《中国统计年鉴》人口年龄结构和抚养比
age_c,0-14岁占比,中国,2006,,19.8,%,国家统计局《中国统计年鉴》人口年龄结构和抚养比
age_w,15-64岁占比,中国,2006,,72.3,%,国家统计局《中国统计年鉴》人口年龄结构和抚养比
age_o,65岁及以上占比,中国,2006,,7.9,%,国家统计局《中国统计年鉴》人口年龄结构和抚养比
age_dep,总抚养比,中国,2006,,38.3,%,国家统计局《中国统计年鉴》人口年龄结构和抚养比
age_depc,少儿抚养比,中国,2006,,27.3,%,国家统计局《中国统计年鉴》人口年龄结构和抚养比
age_depo,老年抚养比,中国,2006,,11.0,%,国家统计局《中国统计年鉴》人口年龄结构和抚养比
hh_cons_gdp,居民消费占GDP比重,中国,2007,,36.62,%,世界银行 NE.CON.PRVT.ZS
gcf_gdp,资本形成占GDP比重,中国,2007,,40.22,%,世界银行 NE.GDI.TOTL.ZS
gov_cons_gdp,政府消费占GDP比重,中国,2007,,14.84,%,世界银行 NE.CON.GOVT.ZS
hh_cons_gdp,居民消费占GDP比重,美国,2007,,67.34,%,世界银行 NE.CON.PRVT.ZS
pce_gdp_bea,个人消费支出PCE占GDP比重（BEA最新修订）,美国,2007,,67.338,%,BEA via FRED PCECA/GDPA
pce_services_share,服务占PCE比重,美国,2007,,65.454,%,BEA via FRED PCESVA/PCECA
pce_durable_share,耐用品占PCE比重,美国,2007,,12.189,%,BEA via FRED PCDGA/PCECA
pce_nondurable_share,非耐用品占PCE比重,美国,2007,,22.356,%,BEA via FRED PCNDA/PCECA
births,出生人口,中国,2007,,1594,万人,国家统计局 各年统计公报初值
deaths,死亡人口,中国,2007,,913,万人,国家统计局 各年统计公报初值
pop_year_end,年末总人口,中国,2007,,132129,万人,国家统计局《中国统计年鉴》人口年龄结构和抚养比
age_c,0-14岁占比,中国,2007,,19.4,%,国家统计局《中国统计年鉴》人口年龄结构和抚养比
age_w,15-64岁占比,中国,2007,,72.5,%,国家统计局《中国统计年鉴》人口年龄结构和抚养比
age_o,65岁及以上占比,中国,2007,,8.1,%,国家统计局《中国统计年鉴》人口年龄结构和抚养比
age_dep,总抚养比,中国,2007,,37.9,%,国家统计局《中国统计年鉴》人口年龄结构和抚养比
age_depc,少儿抚养比,中国,2007,,26.8,%,国家统计局《中国统计年鉴》人口年龄结构和抚养比
age_depo,老年抚养比,中国,2007,,11.1,%,国家统计局《中国统计年鉴》人口年龄结构和抚养比
hh_cons_gdp,居民消费占GDP比重,中国,2008,,35.54,%,世界银行 NE.CON.PRVT.ZS
gcf_gdp,资本形成占GDP比重,中国,2008,,41.96,%,世界银行 NE.GDI.TOTL.ZS
gov_cons_gdp,政府消费占GDP比重,中国,2008,,14.73,%,世界银行 NE.CON.GOVT.ZS
hh_cons_gdp,居民消费占GDP比重,美国,2008,,68.04,%,世界银行 NE.CON.PRVT.ZS
pce_gdp_bea,个人消费支出PCE占GDP比重（BEA最新修订）,美国,2008,,68.045,%,BEA via FRED PCECA/GDPA
pce_services_share,服务占PCE比重,美国,2008,,66.535,%,BEA via FRED PCESVA/PCECA
pce_durable_share,耐用品占PCE比重,美国,2008,,10.933,%,BEA via FRED PCDGA/PCECA
pce_nondurable_share,非耐用品占PCE比重,美国,2008,,22.532,%,BEA via FRED PCNDA/PCECA
births,出生人口,中国,2008,,1608,万人,国家统计局 各年统计公报初值
deaths,死亡人口,中国,2008,,935,万人,国家统计局 各年统计公报初值
pop_year_end,年末总人口,中国,2008,,132802,万人,国家统计局《中国统计年鉴》人口年龄结构和抚养比
age_c,0-14岁占比,中国,2008,,19.0,%,国家统计局《中国统计年鉴》人口年龄结构和抚养比
age_w,15-64岁占比,中国,2008,,72.7,%,国家统计局《中国统计年鉴》人口年龄结构和抚养比
age_o,65岁及以上占比,中国,2008,,8.3,%,国家统计局《中国统计年鉴》人口年龄结构和抚养比
age_dep,总抚养比,中国,2008,,37.4,%,国家统计局《中国统计年鉴》人口年龄结构和抚养比
age_depc,少儿抚养比,中国,2008,,26.0,%,国家统计局《中国统计年鉴》人口年龄结构和抚养比
age_depo,老年抚养比,中国,2008,,11.3,%,国家统计局《中国统计年鉴》人口年龄结构和抚养比
hh_cons_gdp,居民消费占GDP比重,中国,2009,,35.58,%,世界银行 NE.CON.PRVT.ZS
gcf_gdp,资本形成占GDP比重,中国,2009,,44.93,%,世界银行 NE.GDI.TOTL.ZS
gov_cons_gdp,政府消费占GDP比重,中国,2009,,14.99,%,世界银行 NE.CON.GOVT.ZS
hh_cons_gdp,居民消费占GDP比重,美国,2009,,68.32,%,世界银行 NE.CON.PRVT.ZS
pce_gdp_bea,个人消费支出PCE占GDP比重（BEA最新修订）,美国,2009,,68.319,%,BEA via FRED PCECA/GDPA
pce_services_share,服务占PCE比重,美国,2009,,67.85,%,BEA via FRED PCESVA/PCECA
pce_durable_share,耐用品占PCE比重,美国,2009,,10.233,%,BEA via FRED PCDGA/PCECA
pce_nondurable_share,非耐用品占PCE比重,美国,2009,,21.917,%,BEA via FRED PCNDA/PCECA
births,出生人口,中国,2009,,1615,万人,国家统计局 各年统计公报初值
deaths,死亡人口,中国,2009,,943,万人,国家统计局 各年统计公报初值
pop_year_end,年末总人口,中国,2009,,133450,万人,国家统计局《中国统计年鉴》人口年龄结构和抚养比
age_c,0-14岁占比,中国,2009,,18.5,%,国家统计局《中国统计年鉴》人口年龄结构和抚养比
age_w,15-64岁占比,中国,2009,,73.0,%,国家统计局《中国统计年鉴》人口年龄结构和抚养比
age_o,65岁及以上占比,中国,2009,,8.5,%,国家统计局《中国统计年鉴》人口年龄结构和抚养比
age_dep,总抚养比,中国,2009,,36.9,%,国家统计局《中国统计年鉴》人口年龄结构和抚养比
age_depc,少儿抚养比,中国,2009,,25.3,%,国家统计局《中国统计年鉴》人口年龄结构和抚养比
age_depo,老年抚养比,中国,2009,,11.6,%,国家统计局《中国统计年鉴》人口年龄结构和抚养比
hh_cons_gdp,居民消费占GDP比重,中国,2010,,34.6,%,世界银行 NE.CON.PRVT.ZS
gcf_gdp,资本形成占GDP比重,中国,2010,,46.1,%,世界银行 NE.GDI.TOTL.ZS
gov_cons_gdp,政府消费占GDP比重,中国,2010,,14.84,%,世界银行 NE.CON.GOVT.ZS
hh_cons_gdp,居民消费占GDP比重,美国,2010,,68.18,%,世界银行 NE.CON.PRVT.ZS
pce_gdp_bea,个人消费支出PCE占GDP比重（BEA最新修订）,美国,2010,,68.179,%,BEA via FRED PCECA/GDPA
pce_services_share,服务占PCE比重,美国,2010,,67.663,%,BEA via FRED PCESVA/PCECA
pce_durable_share,耐用品占PCE比重,美国,2010,,10.224,%,BEA via FRED PCDGA/PCECA
pce_nondurable_share,非耐用品占PCE比重,美国,2010,,22.113,%,BEA via FRED PCNDA/PCECA
births,出生人口,中国,2010,,1592,万人,国家统计局 各年统计公报初值
deaths,死亡人口,中国,2010,,951,万人,国家统计局 各年统计公报初值
pop_year_end,年末总人口,中国,2010,,134091,万人,国家统计局《中国统计年鉴》人口年龄结构和抚养比
age_c,0-14岁占比,中国,2010,,16.6,%,国家统计局《中国统计年鉴》人口年龄结构和抚养比
age_w,15-64岁占比,中国,2010,,74.5,%,国家统计局《中国统计年鉴》人口年龄结构和抚养比
age_o,65岁及以上占比,中国,2010,,8.9,%,国家统计局《中国统计年鉴》人口年龄结构和抚养比
age_dep,总抚养比,中国,2010,,34.2,%,国家统计局《中国统计年鉴》人口年龄结构和抚养比
age_depc,少儿抚养比,中国,2010,,22.3,%,国家统计局《中国统计年鉴》人口年龄结构和抚养比
age_depo,老年抚养比,中国,2010,,11.9,%,国家统计局《中国统计年鉴》人口年龄结构和抚养比
hh_cons_gdp,居民消费占GDP比重,中国,2011,,35.25,%,世界银行 NE.CON.PRVT.ZS
gcf_gdp,资本形成占GDP比重,中国,2011,,46.27,%,世界银行 NE.GDI.TOTL.ZS
gov_cons_gdp,政府消费占GDP比重,中国,2011,,15.51,%,世界银行 NE.CON.GOVT.ZS
hh_cons_gdp,居民消费占GDP比重,美国,2011,,68.58,%,世界银行 NE.CON.PRVT.ZS
pce_gdp_bea,个人消费支出PCE占GDP比重（BEA最新修订）,美国,2011,,68.584,%,BEA via FRED PCECA/GDPA
pce_services_share,服务占PCE比重,美国,2011,,67.117,%,BEA via FRED PCESVA/PCECA
pce_durable_share,耐用品占PCE比重,美国,2011,,10.221,%,BEA via FRED PCDGA/PCECA
pce_nondurable_share,非耐用品占PCE比重,美国,2011,,22.662,%,BEA via FRED PCNDA/PCECA
births,出生人口,中国,2011,,1604,万人,国家统计局 各年统计公报初值
deaths,死亡人口,中国,2011,,960,万人,国家统计局 各年统计公报初值
pop_year_end,年末总人口,中国,2011,,134735,万人,国家统计局《中国统计年鉴》人口年龄结构和抚养比
age_c,0-14岁占比,中国,2011,,16.5,%,国家统计局《中国统计年鉴》人口年龄结构和抚养比
age_w,15-64岁占比,中国,2011,,74.4,%,国家统计局《中国统计年鉴》人口年龄结构和抚养比
age_o,65岁及以上占比,中国,2011,,9.1,%,国家统计局《中国统计年鉴》人口年龄结构和抚养比
age_dep,总抚养比,中国,2011,,34.4,%,国家统计局《中国统计年鉴》人口年龄结构和抚养比
age_depc,少儿抚养比,中国,2011,,22.1,%,国家统计局《中国统计年鉴》人口年龄结构和抚养比
age_depo,老年抚养比,中国,2011,,12.3,%,国家统计局《中国统计年鉴》人口年龄结构和抚养比
hh_cons_gdp,居民消费占GDP比重,中国,2012,,35.71,%,世界银行 NE.CON.PRVT.ZS
gcf_gdp,资本形成占GDP比重,中国,2012,,45.82,%,世界银行 NE.GDI.TOTL.ZS
gov_cons_gdp,政府消费占GDP比重,中国,2012,,15.9,%,世界银行 NE.CON.GOVT.ZS
hh_cons_gdp,居民消费占GDP比重,美国,2012,,67.97,%,世界银行 NE.CON.PRVT.ZS
pce_gdp_bea,个人消费支出PCE占GDP比重（BEA最新修订）,美国,2012,,67.967,%,BEA via FRED PCECA/GDPA
pce_services_share,服务占PCE比重,美国,2012,,67.071,%,BEA via FRED PCESVA/PCECA
pce_durable_share,耐用品占PCE比重,美国,2012,,10.357,%,BEA via FRED PCDGA/PCECA
pce_nondurable_share,非耐用品占PCE比重,美国,2012,,22.571,%,BEA via FRED PCNDA/PCECA
births,出生人口,中国,2012,,1635,万人,国家统计局 各年统计公报初值
deaths,死亡人口,中国,2012,,966,万人,国家统计局 各年统计公报初值
pop_year_end,年末总人口,中国,2012,,135404,万人,国家统计局《中国统计年鉴》人口年龄结构和抚养比
age_c,0-14岁占比,中国,2012,,16.5,%,国家统计局《中国统计年鉴》人口年龄结构和抚养比
age_w,15-64岁占比,中国,2012,,74.1,%,国家统计局《中国统计年鉴》人口年龄结构和抚养比
age_o,65岁及以上占比,中国,2012,,9.4,%,国家统计局《中国统计年鉴》人口年龄结构和抚养比
age_dep,总抚养比,中国,2012,,34.9,%,国家统计局《中国统计年鉴》人口年龄结构和抚养比
age_depc,少儿抚养比,中国,2012,,22.2,%,国家统计局《中国统计年鉴》人口年龄结构和抚养比
age_depo,老年抚养比,中国,2012,,12.7,%,国家统计局《中国统计年鉴》人口年龄结构和抚养比
hh_cons_gdp,居民消费占GDP比重,中国,2013,,36.13,%,世界银行 NE.CON.PRVT.ZS
gcf_gdp,资本形成占GDP比重,中国,2013,,45.92,%,世界银行 NE.GDI.TOTL.ZS
gov_cons_gdp,政府消费占GDP比重,中国,2013,,15.95,%,世界银行 NE.CON.GOVT.ZS
hh_cons_gdp,居民消费占GDP比重,美国,2013,,67.46,%,世界银行 NE.CON.PRVT.ZS
pce_gdp_bea,个人消费支出PCE占GDP比重（BEA最新修订）,美国,2013,,67.463,%,BEA via FRED PCECA/GDPA
pce_services_share,服务占PCE比重,美国,2013,,67.14,%,BEA via FRED PCESVA/PCECA
pce_durable_share,耐用品占PCE比重,美国,2013,,10.465,%,BEA via FRED PCDGA/PCECA
pce_nondurable_share,非耐用品占PCE比重,美国,2013,,22.395,%,BEA via FRED PCNDA/PCECA
births,出生人口,中国,2013,,1640,万人,国家统计局 各年统计公报初值
deaths,死亡人口,中国,2013,,972,万人,国家统计局 各年统计公报初值
pop_year_end,年末总人口,中国,2013,,136726,万人,国家统计局《中国统计年鉴》人口年龄结构和抚养比（修订数）
age_c,0-14岁占比,中国,2013,,16.4,%,国家统计局《中国统计年鉴》人口年龄结构和抚养比（修订数）
age_w,15-64岁占比,中国,2013,,73.9,%,国家统计局《中国统计年鉴》人口年龄结构和抚养比（修订数）
age_o,65岁及以上占比,中国,2013,,9.7,%,国家统计局《中国统计年鉴》人口年龄结构和抚养比（修订数）
age_dep,总抚养比,中国,2013,,35.3,%,国家统计局《中国统计年鉴》人口年龄结构和抚养比（修订数）
age_depc,少儿抚养比,中国,2013,,22.2,%,国家统计局《中国统计年鉴》人口年龄结构和抚养比（修订数）
age_depo,老年抚养比,中国,2013,,13.1,%,国家统计局《中国统计年鉴》人口年龄结构和抚养比（修订数）
hh_cons_gdp,居民消费占GDP比重,中国,2014,,36.99,%,世界银行 NE.CON.PRVT.ZS
gcf_gdp,资本形成占GDP比重,中国,2014,,45.31,%,世界银行 NE.GDI.TOTL.ZS
gov_cons_gdp,政府消费占GDP比重,中国,2014,,15.88,%,世界银行 NE.CON.GOVT.ZS
hh_cons_gdp,居民消费占GDP比重,美国,2014,,67.44,%,世界银行 NE.CON.PRVT.ZS
pce_gdp_bea,个人消费支出PCE占GDP比重（BEA最新修订）,美国,2014,,67.437,%,BEA via FRED PCECA/GDPA
pce_services_share,服务占PCE比重,美国,2014,,67.269,%,BEA via FRED PCESVA/PCECA
pce_durable_share,耐用品占PCE比重,美国,2014,,10.504,%,BEA via FRED PCDGA/PCECA
pce_nondurable_share,非耐用品占PCE比重,美国,2014,,22.227,%,BEA via FRED PCNDA/PCECA
births,出生人口,中国,2014,,1687,万人,国家统计局 各年统计公报初值
deaths,死亡人口,中国,2014,,977,万人,国家统计局 各年统计公报初值
pop_year_end,年末总人口,中国,2014,,137646,万人,国家统计局《中国统计年鉴》人口年龄结构和抚养比（修订数）
age_c,0-14岁占比,中国,2014,,16.5,%,国家统计局《中国统计年鉴》人口年龄结构和抚养比（修订数）
age_w,15-64岁占比,中国,2014,,73.4,%,国家统计局《中国统计年鉴》人口年龄结构和抚养比（修订数）
age_o,65岁及以上占比,中国,2014,,10.1,%,国家统计局《中国统计年鉴》人口年龄结构和抚养比（修订数）
age_dep,总抚养比,中国,2014,,36.2,%,国家统计局《中国统计年鉴》人口年龄结构和抚养比（修订数）
age_depc,少儿抚养比,中国,2014,,22.5,%,国家统计局《中国统计年鉴》人口年龄结构和抚养比（修订数）
age_depo,老年抚养比,中国,2014,,13.7,%,国家统计局《中国统计年鉴》人口年龄结构和抚养比（修订数）
hh_cons_gdp,居民消费占GDP比重,中国,2015,,38.06,%,世界银行 NE.CON.PRVT.ZS
gcf_gdp,资本形成占GDP比重,中国,2015,,42.73,%,世界银行 NE.GDI.TOTL.ZS
gov_cons_gdp,政府消费占GDP比重,中国,2015,,16.26,%,世界银行 NE.CON.GOVT.ZS
hh_cons_gdp,居民消费占GDP比重,美国,2015,,67.22,%,世界银行 NE.CON.PRVT.ZS
pce_gdp_bea,个人消费支出PCE占GDP比重（BEA最新修订）,美国,2015,,67.217,%,BEA via FRED PCECA/GDPA
pce_services_share,服务占PCE比重,美国,2015,,67.838,%,BEA via FRED PCESVA/PCECA
pce_durable_share,耐用品占PCE比重,美国,2015,,10.7,%,BEA via FRED PCDGA/PCECA
pce_nondurable_share,非耐用品占PCE比重,美国,2015,,21.462,%,BEA via FRED PCNDA/PCECA
births,出生人口,中国,2015,,1655,万人,国家统计局 各年统计公报初值
deaths,死亡人口,中国,2015,,975,万人,国家统计局 各年统计公报初值
pop_year_end,年末总人口,中国,2015,,138326,万人,国家统计局《中国统计年鉴》人口年龄结构和抚养比（修订数）
age_c,0-14岁占比,中国,2015,,16.5,%,国家统计局《中国统计年鉴》人口年龄结构和抚养比（修订数）
age_w,15-64岁占比,中国,2015,,73.0,%,国家统计局《中国统计年鉴》人口年龄结构和抚养比（修订数）
age_o,65岁及以上占比,中国,2015,,10.5,%,国家统计局《中国统计年鉴》人口年龄结构和抚养比（修订数）
age_dep,总抚养比,中国,2015,,37.0,%,国家统计局《中国统计年鉴》人口年龄结构和抚养比（修订数）
age_depc,少儿抚养比,中国,2015,,22.6,%,国家统计局《中国统计年鉴》人口年龄结构和抚养比（修订数）
age_depo,老年抚养比,中国,2015,,14.3,%,国家统计局《中国统计年鉴》人口年龄结构和抚养比（修订数）
hh_cons_gdp,居民消费占GDP比重,中国,2016,,39.16,%,世界银行 NE.CON.PRVT.ZS
gcf_gdp,资本形成占GDP比重,中国,2016,,42.14,%,世界银行 NE.GDI.TOTL.ZS
gov_cons_gdp,政府消费占GDP比重,中国,2016,,16.4,%,世界银行 NE.CON.GOVT.ZS
hh_cons_gdp,居民消费占GDP比重,美国,2016,,67.68,%,世界银行 NE.CON.PRVT.ZS
pce_gdp_bea,个人消费支出PCE占GDP比重（BEA最新修订）,美国,2016,,67.678,%,BEA via FRED PCECA/GDPA
pce_services_share,服务占PCE比重,美国,2016,,68.311,%,BEA via FRED PCESVA/PCECA
pce_durable_share,耐用品占PCE比重,美国,2016,,10.659,%,BEA via FRED PCDGA/PCECA
pce_nondurable_share,非耐用品占PCE比重,美国,2016,,21.031,%,BEA via FRED PCNDA/PCECA
births,出生人口,中国,2016,,1786,万人,国家统计局 各年统计公报初值
deaths,死亡人口,中国,2016,,977,万人,国家统计局 各年统计公报初值
pop_year_end,年末总人口,中国,2016,,139232,万人,国家统计局《中国统计年鉴》人口年龄结构和抚养比（修订数）
age_c,0-14岁占比,中国,2016,,16.7,%,国家统计局《中国统计年鉴》人口年龄结构和抚养比（修订数）
age_w,15-64岁占比,中国,2016,,72.5,%,国家统计局《中国统计年鉴》人口年龄结构和抚养比（修订数）
age_o,65岁及以上占比,中国,2016,,10.8,%,国家统计局《中国统计年鉴》人口年龄结构和抚养比（修订数）
age_dep,总抚养比,中国,2016,,37.9,%,国家统计局《中国统计年鉴》人口年龄结构和抚养比（修订数）
age_depc,少儿抚养比,中国,2016,,22.9,%,国家统计局《中国统计年鉴》人口年龄结构和抚养比（修订数）
age_depo,老年抚养比,中国,2016,,15.0,%,国家统计局《中国统计年鉴》人口年龄结构和抚养比（修订数）
hh_cons_gdp,居民消费占GDP比重,中国,2017,,38.95,%,世界银行 NE.CON.PRVT.ZS
gcf_gdp,资本形成占GDP比重,中国,2017,,42.55,%,世界银行 NE.GDI.TOTL.ZS
gov_cons_gdp,政府消费占GDP比重,中国,2017,,16.5,%,世界银行 NE.CON.GOVT.ZS
hh_cons_gdp,居民消费占GDP比重,美国,2017,,67.77,%,世界银行 NE.CON.PRVT.ZS
pce_gdp_bea,个人消费支出PCE占GDP比重（BEA最新修订）,美国,2017,,67.767,%,BEA via FRED PCECA/GDPA
pce_services_share,服务占PCE比重,美国,2017,,68.307,%,BEA via FRED PCESVA/PCECA
pce_durable_share,耐用品占PCE比重,美国,2017,,10.653,%,BEA via FRED PCDGA/PCECA
pce_nondurable_share,非耐用品占PCE比重,美国,2017,,21.04,%,BEA via FRED PCNDA/PCECA
births,出生人口,中国,2017,,1723,万人,国家统计局 各年统计公报初值
deaths,死亡人口,中国,2017,,986,万人,国家统计局 各年统计公报初值
pop_year_end,年末总人口,中国,2017,,140011,万人,国家统计局《中国统计年鉴》人口年龄结构和抚养比（修订数）
age_c,0-14岁占比,中国,2017,,16.8,%,国家统计局《中国统计年鉴》人口年龄结构和抚养比（修订数）
age_w,15-64岁占比,中国,2017,,71.8,%,国家统计局《中国统计年鉴》人口年龄结构和抚养比（修订数）
age_o,65岁及以上占比,中国,2017,,11.4,%,国家统计局《中国统计年鉴》人口年龄结构和抚养比（修订数）
age_dep,总抚养比,中国,2017,,39.3,%,国家统计局《中国统计年鉴》人口年龄结构和抚养比（修订数）
age_depc,少儿抚养比,中国,2017,,23.4,%,国家统计局《中国统计年鉴》人口年龄结构和抚养比（修订数）
age_depo,老年抚养比,中国,2017,,15.9,%,国家统计局《中国统计年鉴》人口年龄结构和抚养比（修订数）
hh_cons_gdp,居民消费占GDP比重,中国,2018,,38.94,%,世界银行 NE.CON.PRVT.ZS
gcf_gdp,资本形成占GDP比重,中国,2018,,43.31,%,世界银行 NE.GDI.TOTL.ZS
gov_cons_gdp,政府消费占GDP比重,中国,2018,,16.84,%,世界银行 NE.CON.GOVT.ZS
hh_cons_gdp,居民消费占GDP比重,美国,2018,,67.46,%,世界银行 NE.CON.PRVT.ZS
pce_gdp_bea,个人消费支出PCE占GDP比重（BEA最新修订）,美国,2018,,67.458,%,BEA via FRED PCECA/GDPA
pce_services_share,服务占PCE比重,美国,2018,,68.322,%,BEA via FRED PCESVA/PCECA
pce_durable_share,耐用品占PCE比重,美国,2018,,10.685,%,BEA via FRED PCDGA/PCECA
pce_nondurable_share,非耐用品占PCE比重,美国,2018,,20.994,%,BEA via FRED PCNDA/PCECA
births,出生人口,中国,2018,,1523,万人,国家统计局 各年统计公报初值
deaths,死亡人口,中国,2018,,993,万人,国家统计局 各年统计公报初值
pop_year_end,年末总人口,中国,2018,,140541,万人,国家统计局《中国统计年鉴》人口年龄结构和抚养比（修订数）
age_c,0-14岁占比,中国,2018,,16.9,%,国家统计局《中国统计年鉴》人口年龄结构和抚养比（修订数）
age_w,15-64岁占比,中国,2018,,71.2,%,国家统计局《中国统计年鉴》人口年龄结构和抚养比（修订数）
age_o,65岁及以上占比,中国,2018,,11.9,%,国家统计局《中国统计年鉴》人口年龄结构和抚养比（修订数）
age_dep,总抚养比,中国,2018,,40.4,%,国家统计局《中国统计年鉴》人口年龄结构和抚养比（修订数）
age_depc,少儿抚养比,中国,2018,,23.7,%,国家统计局《中国统计年鉴》人口年龄结构和抚养比（修订数）
age_depo,老年抚养比,中国,2018,,16.8,%,国家统计局《中国统计年鉴》人口年龄结构和抚养比（修订数）
hh_cons_gdp,居民消费占GDP比重,中国,2019,,39.35,%,世界银行 NE.CON.PRVT.ZS
gcf_gdp,资本形成占GDP比重,中国,2019,,42.67,%,世界银行 NE.GDI.TOTL.ZS
gov_cons_gdp,政府消费占GDP比重,中国,2019,,17.15,%,世界银行 NE.CON.GOVT.ZS
hh_cons_gdp,居民消费占GDP比重,美国,2019,,67.03,%,世界银行 NE.CON.PRVT.ZS
pce_gdp_bea,个人消费支出PCE占GDP比重（BEA最新修订）,美国,2019,,67.027,%,BEA via FRED PCECA/GDPA
pce_services_share,服务占PCE比重,美国,2019,,68.604,%,BEA via FRED PCESVA/PCECA
pce_durable_share,耐用品占PCE比重,美国,2019,,10.553,%,BEA via FRED PCDGA/PCECA
pce_nondurable_share,非耐用品占PCE比重,美国,2019,,20.843,%,BEA via FRED PCNDA/PCECA
births,出生人口,中国,2019,,1465,万人,国家统计局 各年统计公报初值
deaths,死亡人口,中国,2019,,998,万人,国家统计局 各年统计公报初值
pop_year_end,年末总人口,中国,2019,,141008,万人,国家统计局《中国统计年鉴》人口年龄结构和抚养比（修订数）
age_c,0-14岁占比,中国,2019,,16.8,%,国家统计局《中国统计年鉴》人口年龄结构和抚养比（修订数）
age_w,15-64岁占比,中国,2019,,70.6,%,国家统计局《中国统计年鉴》人口年龄结构和抚养比（修订数）
age_o,65岁及以上占比,中国,2019,,12.6,%,国家统计局《中国统计年鉴》人口年龄结构和抚养比（修订数）
age_dep,总抚养比,中国,2019,,41.5,%,国家统计局《中国统计年鉴》人口年龄结构和抚养比（修订数）
age_depc,少儿抚养比,中国,2019,,23.8,%,国家统计局《中国统计年鉴》人口年龄结构和抚养比（修订数）
age_depo,老年抚养比,中国,2019,,17.8,%,国家统计局《中国统计年鉴》人口年龄结构和抚养比（修订数）
hh_cons_gdp,居民消费占GDP比重,中国,2020,,38.17,%,世界银行 NE.CON.PRVT.ZS
gcf_gdp,资本形成占GDP比重,中国,2020,,42.57,%,世界银行 NE.GDI.TOTL.ZS
gov_cons_gdp,政府消费占GDP比重,中国,2020,,17.6,%,世界银行 NE.CON.GOVT.ZS
hh_cons_gdp,居民消费占GDP比重,美国,2020,,66.58,%,世界银行 NE.CON.PRVT.ZS
pce_gdp_bea,个人消费支出PCE占GDP比重（BEA最新修订）,美国,2020,,66.579,%,BEA via FRED PCECA/GDPA
pce_services_share,服务占PCE比重,美国,2020,,66.914,%,BEA via FRED PCESVA/PCECA
pce_durable_share,耐用品占PCE比重,美国,2020,,11.395,%,BEA via FRED PCDGA/PCECA
pce_nondurable_share,非耐用品占PCE比重,美国,2020,,21.691,%,BEA via FRED PCNDA/PCECA
births,出生人口,中国,2020,,1202,万人,国家统计局 各年统计公报初值
deaths,死亡人口,中国,2020,,997,万人,国家统计局 各年统计公报初值
pop_year_end,年末总人口,中国,2020,,141212,万人,国家统计局《中国统计年鉴》人口年龄结构和抚养比（修订数）
age_c,0-14岁占比,中国,2020,,17.9,%,国家统计局《中国统计年鉴》人口年龄结构和抚养比（修订数）
age_w,15-64岁占比,中国,2020,,68.6,%,国家统计局《中国统计年鉴》人口年龄结构和抚养比（修订数）
age_o,65岁及以上占比,中国,2020,,13.5,%,国家统计局《中国统计年鉴》人口年龄结构和抚养比（修订数）
age_dep,总抚养比,中国,2020,,45.9,%,国家统计局《中国统计年鉴》人口年龄结构和抚养比（修订数）
age_depc,少儿抚养比,中国,2020,,26.2,%,国家统计局《中国统计年鉴》人口年龄结构和抚养比（修订数）
age_depo,老年抚养比,中国,2020,,19.7,%,国家统计局《中国统计年鉴》人口年龄结构和抚养比（修订数）
hh_cons_gdp,居民消费占GDP比重,中国,2021,,38.37,%,世界银行 NE.CON.PRVT.ZS
gcf_gdp,资本形成占GDP比重,中国,2021,,42.68,%,世界银行 NE.GDI.TOTL.ZS
gov_cons_gdp,政府消费占GDP比重,中国,2021,,16.35,%,世界银行 NE.CON.GOVT.ZS
hh_cons_gdp,居民消费占GDP比重,美国,2021,,67.94,%,世界银行 NE.CON.PRVT.ZS
pce_gdp_bea,个人消费支出PCE占GDP比重（BEA最新修订）,美国,2021,,67.864,%,BEA via FRED PCECA/GDPA
pce_services_share,服务占PCE比重,美国,2021,,65.873,%,BEA via FRED PCESVA/PCECA
pce_durable_share,耐用品占PCE比重,美国,2021,,12.36,%,BEA via FRED PCDGA/PCECA
pce_nondurable_share,非耐用品占PCE比重,美国,2021,,21.766,%,BEA via FRED PCNDA/PCECA
births,出生人口,中国,2021,,1062,万人,国家统计局 各年统计公报初值
deaths,死亡人口,中国,2021,,1014,万人,国家统计局 各年统计公报初值
pop_year_end,年末总人口,中国,2021,,141260,万人,国家统计局《中国统计年鉴》人口年龄结构和抚养比（修订数）
age_c,0-14岁占比,中国,2021,,17.5,%,国家统计局《中国统计年鉴》人口年龄结构和抚养比（修订数）
age_w,15-64岁占比,中国,2021,,68.3,%,国家统计局《中国统计年鉴》人口年龄结构和抚养比（修订数）
age_o,65岁及以上占比,中国,2021,,14.2,%,国家统计局《中国统计年鉴》人口年龄结构和抚养比（修订数）
age_dep,总抚养比,中国,2021,,46.3,%,国家统计局《中国统计年鉴》人口年龄结构和抚养比（修订数）
age_depc,少儿抚养比,中国,2021,,25.6,%,国家统计局《中国统计年鉴》人口年龄结构和抚养比（修订数）
age_depo,老年抚养比,中国,2021,,20.8,%,国家统计局《中国统计年鉴》人口年龄结构和抚养比（修订数）
hh_cons_gdp,居民消费占GDP比重,中国,2022,,37.78,%,世界银行 NE.CON.PRVT.ZS
gcf_gdp,资本形成占GDP比重,中国,2022,,42.36,%,世界银行 NE.GDI.TOTL.ZS
gov_cons_gdp,政府消费占GDP比重,中国,2022,,16.66,%,世界银行 NE.CON.GOVT.ZS
hh_cons_gdp,居民消费占GDP比重,美国,2022,,67.9,%,世界银行 NE.CON.PRVT.ZS
pce_gdp_bea,个人消费支出PCE占GDP比重（BEA最新修订）,美国,2022,,67.809,%,BEA via FRED PCECA/GDPA
pce_services_share,服务占PCE比重,美国,2022,,66.391,%,BEA via FRED PCESVA/PCECA
pce_durable_share,耐用品占PCE比重,美国,2022,,11.758,%,BEA via FRED PCDGA/PCECA
pce_nondurable_share,非耐用品占PCE比重,美国,2022,,21.85,%,BEA via FRED PCNDA/PCECA
births,出生人口,中国,2022,,956,万人,国家统计局 各年统计公报初值
deaths,死亡人口,中国,2022,,1041,万人,国家统计局 各年统计公报初值
pop_year_end,年末总人口,中国,2022,,141175,万人,国家统计局《中国统计年鉴》人口年龄结构和抚养比（修订数）
age_c,0-14岁占比,中国,2022,,16.9,%,国家统计局《中国统计年鉴》人口年龄结构和抚养比（修订数）
age_w,15-64岁占比,中国,2022,,68.2,%,国家统计局《中国统计年鉴》人口年龄结构和抚养比（修订数）
age_o,65岁及以上占比,中国,2022,,14.9,%,国家统计局《中国统计年鉴》人口年龄结构和抚养比（修订数）
age_dep,总抚养比,中国,2022,,46.6,%,国家统计局《中国统计年鉴》人口年龄结构和抚养比（修订数）
age_depc,少儿抚养比,中国,2022,,24.8,%,国家统计局《中国统计年鉴》人口年龄结构和抚养比（修订数）
age_depo,老年抚养比,中国,2022,,21.8,%,国家统计局《中国统计年鉴》人口年龄结构和抚养比（修订数）
hh_cons_gdp,居民消费占GDP比重,中国,2023,,39.57,%,世界银行 NE.CON.PRVT.ZS
gcf_gdp,资本形成占GDP比重,中国,2023,,41.13,%,世界银行 NE.GDI.TOTL.ZS
gov_cons_gdp,政府消费占GDP比重,中国,2023,,17.19,%,世界银行 NE.CON.GOVT.ZS
hh_cons_gdp,居民消费占GDP比重,美国,2023,,67.72,%,世界银行 NE.CON.PRVT.ZS
pce_gdp_bea,个人消费支出PCE占GDP比重（BEA最新修订）,美国,2023,,67.465,%,BEA via FRED PCECA/GDPA
pce_services_share,服务占PCE比重,美国,2023,,67.402,%,BEA via FRED PCESVA/PCECA
pce_durable_share,耐用品占PCE比重,美国,2023,,11.426,%,BEA via FRED PCDGA/PCECA
pce_nondurable_share,非耐用品占PCE比重,美国,2023,,21.172,%,BEA via FRED PCNDA/PCECA
births,出生人口,中国,2023,,902,万人,国家统计局 各年统计公报初值
deaths,死亡人口,中国,2023,,1110,万人,国家统计局 各年统计公报初值
pop_year_end,年末总人口,中国,2023,,140967,万人,国家统计局《中国统计年鉴》人口年龄结构和抚养比（修订数）
age_c,0-14岁占比,中国,2023,,16.4,%,国家统计局《中国统计年鉴》人口年龄结构和抚养比（修订数）
age_w,15-64岁占比,中国,2023,,68.3,%,国家统计局《中国统计年鉴》人口年龄结构和抚养比（修订数）
age_o,65岁及以上占比,中国,2023,,15.4,%,国家统计局《中国统计年鉴》人口年龄结构和抚养比（修订数）
age_dep,总抚养比,中国,2023,,46.5,%,国家统计局《中国统计年鉴》人口年龄结构和抚养比（修订数）
age_depc,少儿抚养比,中国,2023,,24.0,%,国家统计局《中国统计年鉴》人口年龄结构和抚养比（修订数）
age_depo,老年抚养比,中国,2023,,22.5,%,国家统计局《中国统计年鉴》人口年龄结构和抚养比（修订数）
hh_cons_gdp,居民消费占GDP比重,中国,2024,,39.97,%,世界银行 NE.CON.PRVT.ZS
gcf_gdp,资本形成占GDP比重,中国,2024,,40.48,%,世界银行 NE.GDI.TOTL.ZS
gov_cons_gdp,政府消费占GDP比重,中国,2024,,16.71,%,世界银行 NE.CON.GOVT.ZS
hh_cons_gdp,居民消费占GDP比重,美国,2024,,67.91,%,世界银行 NE.CON.PRVT.ZS
pce_gdp_bea,个人消费支出PCE占GDP比重（BEA最新修订）,美国,2024,,67.467,%,BEA via FRED PCECA/GDPA
pce_services_share,服务占PCE比重,美国,2024,,68.403,%,BEA via FRED PCESVA/PCECA
pce_durable_share,耐用品占PCE比重,美国,2024,,11.001,%,BEA via FRED PCDGA/PCECA
pce_nondurable_share,非耐用品占PCE比重,美国,2024,,20.597,%,BEA via FRED PCNDA/PCECA
births,出生人口,中国,2024,,954,万人,国家统计局 各年统计公报初值
deaths,死亡人口,中国,2024,,1093,万人,国家统计局 各年统计公报初值
pop_year_end,年末总人口,中国,2024,,140828,万人,国家统计局《中国统计年鉴》人口年龄结构和抚养比（修订数）
age_c,0-14岁占比,中国,2024,,15.8,%,国家统计局《中国统计年鉴》人口年龄结构和抚养比（修订数）
age_w,15-64岁占比,中国,2024,,68.6,%,国家统计局《中国统计年鉴》人口年龄结构和抚养比（修订数）
age_o,65岁及以上占比,中国,2024,,15.6,%,国家统计局《中国统计年鉴》人口年龄结构和抚养比（修订数）
age_dep,总抚养比,中国,2024,,45.8,%,国家统计局《中国统计年鉴》人口年龄结构和抚养比（修订数）
age_depc,少儿抚养比,中国,2024,,23.0,%,国家统计局《中国统计年鉴》人口年龄结构和抚养比（修订数）
age_depo,老年抚养比,中国,2024,,22.8,%,国家统计局《中国统计年鉴》人口年龄结构和抚养比（修订数）
pce_gdp_bea,个人消费支出PCE占GDP比重（BEA最新修订）,美国,2025,,67.626,%,BEA via FRED PCECA/GDPA
pce_services_share,服务占PCE比重,美国,2025,,68.907,%,BEA via FRED PCESVA/PCECA
pce_durable_share,耐用品占PCE比重,美国,2025,,10.847,%,BEA via FRED PCDGA/PCECA
pce_nondurable_share,非耐用品占PCE比重,美国,2025,,20.246,%,BEA via FRED PCNDA/PCECA
births,出生人口,中国,2025,,792,万人,国家统计局 各年统计公报初值
deaths,死亡人口,中国,2025,,1131,万人,国家统计局 各年统计公报初值
pop_year_end,年末总人口,中国,2025,,140489,万人,国家统计局 2026-01-19 人口数据解读
age_c,0-14岁占比,中国,2025,,15.1,%,国家统计局 2026-01-19 人口数据解读
age_w,15-64岁占比,中国,2025,,68.9,%,国家统计局 2026-01-19 人口数据解读
age_o,65岁及以上占比,中国,2025,,15.9,%,国家统计局 2026-01-19 人口数据解读
age_dep,总抚养比,中国,2025,,45.1,%,国家统计局 2026-01-19 人口数据解读
age_depc,少儿抚养比,中国,2025,,22.0,%,国家统计局 2026-01-19 人口数据解读
age_depo,老年抚养比,中国,2025,,23.1,%,国家统计局 2026-01-19 人口数据解读
age_60plus,60岁及以上占比,中国,2000,,10.3,%,国家统计局 人口普查/统计公报
age_60plus,60岁及以上占比,中国,2010,,13.3,%,国家统计局 人口普查/统计公报
age_60plus,60岁及以上占比,中国,2020,,18.7,%,国家统计局 人口普查/统计公报
age_60plus,60岁及以上占比,中国,2021,,18.9,%,国家统计局 人口普查/统计公报
age_60plus,60岁及以上占比,中国,2022,,19.8,%,国家统计局 人口普查/统计公报
age_60plus,60岁及以上占比,中国,2023,,21.1,%,国家统计局 人口普查/统计公报
age_60plus,60岁及以上占比,中国,2024,,22.0,%,国家统计局 人口普查/统计公报
age_60plus,60岁及以上占比,中国,2025,,23.0,%,国家统计局 人口普查/统计公报
engel_urban,城镇居民恩格尔系数（旧口径）,中国,2000,,39.4,%,《中国统计年鉴》
engel_urban,城镇居民恩格尔系数（旧口径）,中国,2001,,38.2,%,《中国统计年鉴》
engel_urban,城镇居民恩格尔系数（旧口径）,中国,2002,,37.7,%,《中国统计年鉴》
engel_urban,城镇居民恩格尔系数（旧口径）,中国,2003,,37.1,%,《中国统计年鉴》
engel_urban,城镇居民恩格尔系数（旧口径）,中国,2004,,37.7,%,《中国统计年鉴》
engel_urban,城镇居民恩格尔系数（旧口径）,中国,2005,,36.7,%,《中国统计年鉴》
engel_urban,城镇居民恩格尔系数（旧口径）,中国,2006,,35.8,%,《中国统计年鉴》
engel_urban,城镇居民恩格尔系数（旧口径）,中国,2007,,36.3,%,《中国统计年鉴》
engel_urban,城镇居民恩格尔系数（旧口径）,中国,2008,,37.9,%,《中国统计年鉴》
engel_urban,城镇居民恩格尔系数（旧口径）,中国,2009,,36.5,%,《中国统计年鉴》
engel_urban,城镇居民恩格尔系数（旧口径）,中国,2010,,35.7,%,《中国统计年鉴》
engel_urban,城镇居民恩格尔系数（旧口径）,中国,2011,,36.3,%,《中国统计年鉴》
engel_urban,城镇居民恩格尔系数（旧口径）,中国,2012,,36.2,%,《中国统计年鉴》
engel_rural,农村居民恩格尔系数（旧口径）,中国,2000,,49.1,%,《中国统计年鉴》
engel_rural,农村居民恩格尔系数（旧口径）,中国,2001,,47.7,%,《中国统计年鉴》
engel_rural,农村居民恩格尔系数（旧口径）,中国,2002,,46.2,%,《中国统计年鉴》
engel_rural,农村居民恩格尔系数（旧口径）,中国,2003,,45.6,%,《中国统计年鉴》
engel_rural,农村居民恩格尔系数（旧口径）,中国,2004,,47.2,%,《中国统计年鉴》
engel_rural,农村居民恩格尔系数（旧口径）,中国,2005,,45.5,%,《中国统计年鉴》
engel_rural,农村居民恩格尔系数（旧口径）,中国,2006,,43.0,%,《中国统计年鉴》
engel_rural,农村居民恩格尔系数（旧口径）,中国,2007,,43.1,%,《中国统计年鉴》
engel_rural,农村居民恩格尔系数（旧口径）,中国,2008,,43.7,%,《中国统计年鉴》
engel_rural,农村居民恩格尔系数（旧口径）,中国,2009,,41.0,%,《中国统计年鉴》
engel_rural,农村居民恩格尔系数（旧口径）,中国,2010,,41.1,%,《中国统计年鉴》
engel_rural,农村居民恩格尔系数（旧口径）,中国,2011,,40.4,%,《中国统计年鉴》
engel_rural,农村居民恩格尔系数（旧口径）,中国,2012,,39.3,%,《中国统计年鉴》
engel_national,全国居民恩格尔系数（城乡一体化调查）,中国,2013,,31.2,%,国家统计局
engel_national,全国居民恩格尔系数（城乡一体化调查）,中国,2014,,31.0,%,国家统计局
engel_national,全国居民恩格尔系数（城乡一体化调查）,中国,2015,,30.6,%,国家统计局
engel_national,全国居民恩格尔系数（城乡一体化调查）,中国,2016,,30.1,%,国家统计局
engel_national,全国居民恩格尔系数（城乡一体化调查）,中国,2017,,29.3,%,国家统计局
engel_national,全国居民恩格尔系数（城乡一体化调查）,中国,2018,,28.4,%,国家统计局
engel_national,全国居民恩格尔系数（城乡一体化调查）,中国,2019,,28.2,%,国家统计局
engel_national,全国居民恩格尔系数（城乡一体化调查）,中国,2020,,30.2,%,国家统计局
engel_national,全国居民恩格尔系数（城乡一体化调查）,中国,2021,,29.8,%,国家统计局
engel_national,全国居民恩格尔系数（城乡一体化调查）,中国,2022,,30.5,%,国家统计局
engel_national,全国居民恩格尔系数（城乡一体化调查）,中国,2023,,29.8,%,国家统计局
engel_national,全国居民恩格尔系数（城乡一体化调查）,中国,2024,,29.8,%,国家统计局
engel_national,全国居民恩格尔系数（城乡一体化调查）,中国,2025,,29.3,%,国家统计局
services_share,服务性消费支出占人均消费支出比重,中国,2013,,39.7,%,国家统计局
services_share,服务性消费支出占人均消费支出比重,中国,2019,,45.9,%,国家统计局
services_share,服务性消费支出占人均消费支出比重,中国,2020,,42.6,%,国家统计局
services_share,服务性消费支出占人均消费支出比重,中国,2021,,44.2,%,国家统计局
services_share,服务性消费支出占人均消费支出比重,中国,2022,,43.2,%,国家统计局
services_share,服务性消费支出占人均消费支出比重,中国,2023,,45.2,%,国家统计局
services_share,服务性消费支出占人均消费支出比重,中国,2024,,46.1,%,国家统计局
services_share,服务性消费支出占人均消费支出比重,中国,2025,,46.1,%,国家统计局
pc_cons_amount,全国居民人均消费支出（分类）,中国,2017,食品烟酒,5374,元,国家统计局 居民收入和消费支出情况
pc_cons_share,全国居民人均消费支出构成,中国,2017,食品烟酒,29.3,%,国家统计局 居民收入和消费支出情况
pc_cons_amount,全国居民人均消费支出（分类）,中国,2017,衣着,1238,元,国家统计局 居民收入和消费支出情况
pc_cons_share,全国居民人均消费支出构成,中国,2017,衣着,6.8,%,国家统计局 居民收入和消费支出情况
pc_cons_amount,全国居民人均消费支出（分类）,中国,2017,居住,4107,元,国家统计局 居民收入和消费支出情况
pc_cons_share,全国居民人均消费支出构成,中国,2017,居住,22.4,%,国家统计局 居民收入和消费支出情况
pc_cons_amount,全国居民人均消费支出（分类）,中国,2017,生活用品及服务,1121,元,国家统计局 居民收入和消费支出情况
pc_cons_share,全国居民人均消费支出构成,中国,2017,生活用品及服务,6.1,%,国家统计局 居民收入和消费支出情况
pc_cons_amount,全国居民人均消费支出（分类）,中国,2017,交通通信,2499,元,国家统计局 居民收入和消费支出情况
pc_cons_share,全国居民人均消费支出构成,中国,2017,交通通信,13.6,%,国家统计局 居民收入和消费支出情况
pc_cons_amount,全国居民人均消费支出（分类）,中国,2017,教育文化娱乐,2086,元,国家统计局 居民收入和消费支出情况
pc_cons_share,全国居民人均消费支出构成,中国,2017,教育文化娱乐,11.4,%,国家统计局 居民收入和消费支出情况
pc_cons_amount,全国居民人均消费支出（分类）,中国,2017,医疗保健,1451,元,国家统计局 居民收入和消费支出情况
pc_cons_share,全国居民人均消费支出构成,中国,2017,医疗保健,7.9,%,国家统计局 居民收入和消费支出情况
pc_cons_amount,全国居民人均消费支出（分类）,中国,2017,其他用品及服务,447,元,国家统计局 居民收入和消费支出情况
pc_cons_share,全国居民人均消费支出构成,中国,2017,其他用品及服务,2.4,%,国家统计局 居民收入和消费支出情况
pc_cons_total,全国居民人均消费支出,中国,2017,,18322,元,国家统计局 居民收入和消费支出情况
pc_cons_amount,全国居民人均消费支出（分类）,中国,2018,食品烟酒,5631,元,国家统计局 居民收入和消费支出情况
pc_cons_share,全国居民人均消费支出构成,中国,2018,食品烟酒,28.4,%,国家统计局 居民收入和消费支出情况
pc_cons_amount,全国居民人均消费支出（分类）,中国,2018,衣着,1289,元,国家统计局 居民收入和消费支出情况
pc_cons_share,全国居民人均消费支出构成,中国,2018,衣着,6.5,%,国家统计局 居民收入和消费支出情况
pc_cons_amount,全国居民人均消费支出（分类）,中国,2018,居住,4647,元,国家统计局 居民收入和消费支出情况
pc_cons_share,全国居民人均消费支出构成,中国,2018,居住,23.4,%,国家统计局 居民收入和消费支出情况
pc_cons_amount,全国居民人均消费支出（分类）,中国,2018,生活用品及服务,1223,元,国家统计局 居民收入和消费支出情况
pc_cons_share,全国居民人均消费支出构成,中国,2018,生活用品及服务,6.2,%,国家统计局 居民收入和消费支出情况
pc_cons_amount,全国居民人均消费支出（分类）,中国,2018,交通通信,2675,元,国家统计局 居民收入和消费支出情况
pc_cons_share,全国居民人均消费支出构成,中国,2018,交通通信,13.5,%,国家统计局 居民收入和消费支出情况
pc_cons_amount,全国居民人均消费支出（分类）,中国,2018,教育文化娱乐,2226,元,国家统计局 居民收入和消费支出情况
pc_cons_share,全国居民人均消费支出构成,中国,2018,教育文化娱乐,11.2,%,国家统计局 居民收入和消费支出情况
pc_cons_amount,全国居民人均消费支出（分类）,中国,2018,医疗保健,1685,元,国家统计局 居民收入和消费支出情况
pc_cons_share,全国居民人均消费支出构成,中国,2018,医疗保健,8.5,%,国家统计局 居民收入和消费支出情况
pc_cons_amount,全国居民人均消费支出（分类）,中国,2018,其他用品及服务,477,元,国家统计局 居民收入和消费支出情况
pc_cons_share,全国居民人均消费支出构成,中国,2018,其他用品及服务,2.4,%,国家统计局 居民收入和消费支出情况
pc_cons_total,全国居民人均消费支出,中国,2018,,19853,元,国家统计局 居民收入和消费支出情况
pc_cons_amount,全国居民人均消费支出（分类）,中国,2019,食品烟酒,6084,元,国家统计局 居民收入和消费支出情况
pc_cons_share,全国居民人均消费支出构成,中国,2019,食品烟酒,28.2,%,国家统计局 居民收入和消费支出情况
pc_cons_amount,全国居民人均消费支出（分类）,中国,2019,衣着,1338,元,国家统计局 居民收入和消费支出情况
pc_cons_share,全国居民人均消费支出构成,中国,2019,衣着,6.2,%,国家统计局 居民收入和消费支出情况
pc_cons_amount,全国居民人均消费支出（分类）,中国,2019,居住,5055,元,国家统计局 居民收入和消费支出情况
pc_cons_share,全国居民人均消费支出构成,中国,2019,居住,23.4,%,国家统计局 居民收入和消费支出情况
pc_cons_amount,全国居民人均消费支出（分类）,中国,2019,生活用品及服务,1281,元,国家统计局 居民收入和消费支出情况
pc_cons_share,全国居民人均消费支出构成,中国,2019,生活用品及服务,5.9,%,国家统计局 居民收入和消费支出情况
pc_cons_amount,全国居民人均消费支出（分类）,中国,2019,交通通信,2862,元,国家统计局 居民收入和消费支出情况
pc_cons_share,全国居民人均消费支出构成,中国,2019,交通通信,13.3,%,国家统计局 居民收入和消费支出情况
pc_cons_amount,全国居民人均消费支出（分类）,中国,2019,教育文化娱乐,2513,元,国家统计局 居民收入和消费支出情况
pc_cons_share,全国居民人均消费支出构成,中国,2019,教育文化娱乐,11.7,%,国家统计局 居民收入和消费支出情况
pc_cons_amount,全国居民人均消费支出（分类）,中国,2019,医疗保健,1902,元,国家统计局 居民收入和消费支出情况
pc_cons_share,全国居民人均消费支出构成,中国,2019,医疗保健,8.8,%,国家统计局 居民收入和消费支出情况
pc_cons_amount,全国居民人均消费支出（分类）,中国,2019,其他用品及服务,524,元,国家统计局 居民收入和消费支出情况
pc_cons_share,全国居民人均消费支出构成,中国,2019,其他用品及服务,2.4,%,国家统计局 居民收入和消费支出情况
pc_cons_total,全国居民人均消费支出,中国,2019,,21559,元,国家统计局 居民收入和消费支出情况
pc_cons_amount,全国居民人均消费支出（分类）,中国,2020,食品烟酒,6397,元,国家统计局 居民收入和消费支出情况
pc_cons_share,全国居民人均消费支出构成,中国,2020,食品烟酒,30.2,%,国家统计局 居民收入和消费支出情况
pc_cons_amount,全国居民人均消费支出（分类）,中国,2020,衣着,1238,元,国家统计局 居民收入和消费支出情况
pc_cons_share,全国居民人均消费支出构成,中国,2020,衣着,5.8,%,国家统计局 居民收入和消费支出情况
pc_cons_amount,全国居民人均消费支出（分类）,中国,2020,居住,5215,元,国家统计局 居民收入和消费支出情况
pc_cons_share,全国居民人均消费支出构成,中国,2020,居住,24.6,%,国家统计局 居民收入和消费支出情况
pc_cons_amount,全国居民人均消费支出（分类）,中国,2020,生活用品及服务,1260,元,国家统计局 居民收入和消费支出情况
pc_cons_share,全国居民人均消费支出构成,中国,2020,生活用品及服务,5.9,%,国家统计局 居民收入和消费支出情况
pc_cons_amount,全国居民人均消费支出（分类）,中国,2020,交通通信,2762,元,国家统计局 居民收入和消费支出情况
pc_cons_share,全国居民人均消费支出构成,中国,2020,交通通信,13.0,%,国家统计局 居民收入和消费支出情况
pc_cons_amount,全国居民人均消费支出（分类）,中国,2020,教育文化娱乐,2032,元,国家统计局 居民收入和消费支出情况
pc_cons_share,全国居民人均消费支出构成,中国,2020,教育文化娱乐,9.6,%,国家统计局 居民收入和消费支出情况
pc_cons_amount,全国居民人均消费支出（分类）,中国,2020,医疗保健,1843,元,国家统计局 居民收入和消费支出情况
pc_cons_share,全国居民人均消费支出构成,中国,2020,医疗保健,8.7,%,国家统计局 居民收入和消费支出情况
pc_cons_amount,全国居民人均消费支出（分类）,中国,2020,其他用品及服务,462,元,国家统计局 居民收入和消费支出情况
pc_cons_share,全国居民人均消费支出构成,中国,2020,其他用品及服务,2.2,%,国家统计局 居民收入和消费支出情况
pc_cons_total,全国居民人均消费支出,中国,2020,,21210,元,国家统计局 居民收入和消费支出情况
pc_cons_amount,全国居民人均消费支出（分类）,中国,2021,食品烟酒,7178,元,国家统计局 居民收入和消费支出情况
pc_cons_share,全国居民人均消费支出构成,中国,2021,食品烟酒,29.8,%,国家统计局 居民收入和消费支出情况
pc_cons_amount,全国居民人均消费支出（分类）,中国,2021,衣着,1419,元,国家统计局 居民收入和消费支出情况
pc_cons_share,全国居民人均消费支出构成,中国,2021,衣着,5.9,%,国家统计局 居民收入和消费支出情况
pc_cons_amount,全国居民人均消费支出（分类）,中国,2021,居住,5641,元,国家统计局 居民收入和消费支出情况
pc_cons_share,全国居民人均消费支出构成,中国,2021,居住,23.4,%,国家统计局 居民收入和消费支出情况
pc_cons_amount,全国居民人均消费支出（分类）,中国,2021,生活用品及服务,1423,元,国家统计局 居民收入和消费支出情况
pc_cons_share,全国居民人均消费支出构成,中国,2021,生活用品及服务,5.9,%,国家统计局 居民收入和消费支出情况
pc_cons_amount,全国居民人均消费支出（分类）,中国,2021,交通通信,3156,元,国家统计局 居民收入和消费支出情况
pc_cons_share,全国居民人均消费支出构成,中国,2021,交通通信,13.1,%,国家统计局 居民收入和消费支出情况
pc_cons_amount,全国居民人均消费支出（分类）,中国,2021,教育文化娱乐,2599,元,国家统计局 居民收入和消费支出情况
pc_cons_share,全国居民人均消费支出构成,中国,2021,教育文化娱乐,10.8,%,国家统计局 居民收入和消费支出情况
pc_cons_amount,全国居民人均消费支出（分类）,中国,2021,医疗保健,2115,元,国家统计局 居民收入和消费支出情况
pc_cons_share,全国居民人均消费支出构成,中国,2021,医疗保健,8.8,%,国家统计局 居民收入和消费支出情况
pc_cons_amount,全国居民人均消费支出（分类）,中国,2021,其他用品及服务,569,元,国家统计局 居民收入和消费支出情况
pc_cons_share,全国居民人均消费支出构成,中国,2021,其他用品及服务,2.4,%,国家统计局 居民收入和消费支出情况
pc_cons_total,全国居民人均消费支出,中国,2021,,24100,元,国家统计局 居民收入和消费支出情况
pc_cons_amount,全国居民人均消费支出（分类）,中国,2022,食品烟酒,7481,元,国家统计局 居民收入和消费支出情况
pc_cons_share,全国居民人均消费支出构成,中国,2022,食品烟酒,30.5,%,国家统计局 居民收入和消费支出情况
pc_cons_amount,全国居民人均消费支出（分类）,中国,2022,衣着,1365,元,国家统计局 居民收入和消费支出情况
pc_cons_share,全国居民人均消费支出构成,中国,2022,衣着,5.6,%,国家统计局 居民收入和消费支出情况
pc_cons_amount,全国居民人均消费支出（分类）,中国,2022,居住,5882,元,国家统计局 居民收入和消费支出情况
pc_cons_share,全国居民人均消费支出构成,中国,2022,居住,24.0,%,国家统计局 居民收入和消费支出情况
pc_cons_amount,全国居民人均消费支出（分类）,中国,2022,生活用品及服务,1432,元,国家统计局 居民收入和消费支出情况
pc_cons_share,全国居民人均消费支出构成,中国,2022,生活用品及服务,5.8,%,国家统计局 居民收入和消费支出情况
pc_cons_amount,全国居民人均消费支出（分类）,中国,2022,交通通信,3195,元,国家统计局 居民收入和消费支出情况
pc_cons_share,全国居民人均消费支出构成,中国,2022,交通通信,13.0,%,国家统计局 居民收入和消费支出情况
pc_cons_amount,全国居民人均消费支出（分类）,中国,2022,教育文化娱乐,2469,元,国家统计局 居民收入和消费支出情况
pc_cons_share,全国居民人均消费支出构成,中国,2022,教育文化娱乐,10.1,%,国家统计局 居民收入和消费支出情况
pc_cons_amount,全国居民人均消费支出（分类）,中国,2022,医疗保健,2120,元,国家统计局 居民收入和消费支出情况
pc_cons_share,全国居民人均消费支出构成,中国,2022,医疗保健,8.6,%,国家统计局 居民收入和消费支出情况
pc_cons_amount,全国居民人均消费支出（分类）,中国,2022,其他用品及服务,595,元,国家统计局 居民收入和消费支出情况
pc_cons_share,全国居民人均消费支出构成,中国,2022,其他用品及服务,2.4,%,国家统计局 居民收入和消费支出情况
pc_cons_total,全国居民人均消费支出,中国,2022,,24538,元,国家统计局 居民收入和消费支出情况
pc_cons_amount,全国居民人均消费支出（分类）,中国,2023,食品烟酒,7983,元,国家统计局 居民收入和消费支出情况
pc_cons_share,全国居民人均消费支出构成,中国,2023,食品烟酒,29.8,%,国家统计局 居民收入和消费支出情况
pc_cons_amount,全国居民人均消费支出（分类）,中国,2023,衣着,1479,元,国家统计局 居民收入和消费支出情况
pc_cons_share,全国居民人均消费支出构成,中国,2023,衣着,5.5,%,国家统计局 居民收入和消费支出情况
pc_cons_amount,全国居民人均消费支出（分类）,中国,2023,居住,6095,元,国家统计局 居民收入和消费支出情况
pc_cons_share,全国居民人均消费支出构成,中国,2023,居住,22.7,%,国家统计局 居民收入和消费支出情况
pc_cons_amount,全国居民人均消费支出（分类）,中国,2023,生活用品及服务,1526,元,国家统计局 居民收入和消费支出情况
pc_cons_share,全国居民人均消费支出构成,中国,2023,生活用品及服务,5.7,%,国家统计局 居民收入和消费支出情况
pc_cons_amount,全国居民人均消费支出（分类）,中国,2023,交通通信,3652,元,国家统计局 居民收入和消费支出情况
pc_cons_share,全国居民人均消费支出构成,中国,2023,交通通信,13.6,%,国家统计局 居民收入和消费支出情况
pc_cons_amount,全国居民人均消费支出（分类）,中国,2023,教育文化娱乐,2904,元,国家统计局 居民收入和消费支出情况
pc_cons_share,全国居民人均消费支出构成,中国,2023,教育文化娱乐,10.8,%,国家统计局 居民收入和消费支出情况
pc_cons_amount,全国居民人均消费支出（分类）,中国,2023,医疗保健,2460,元,国家统计局 居民收入和消费支出情况
pc_cons_share,全国居民人均消费支出构成,中国,2023,医疗保健,9.2,%,国家统计局 居民收入和消费支出情况
pc_cons_amount,全国居民人均消费支出（分类）,中国,2023,其他用品及服务,697,元,国家统计局 居民收入和消费支出情况
pc_cons_share,全国居民人均消费支出构成,中国,2023,其他用品及服务,2.6,%,国家统计局 居民收入和消费支出情况
pc_cons_total,全国居民人均消费支出,中国,2023,,26796,元,国家统计局 居民收入和消费支出情况
pc_cons_amount,全国居民人均消费支出（分类）,中国,2024,食品烟酒,8411,元,国家统计局 居民收入和消费支出情况
pc_cons_share,全国居民人均消费支出构成,中国,2024,食品烟酒,29.8,%,国家统计局 居民收入和消费支出情况
pc_cons_amount,全国居民人均消费支出（分类）,中国,2024,衣着,1521,元,国家统计局 居民收入和消费支出情况
pc_cons_share,全国居民人均消费支出构成,中国,2024,衣着,5.4,%,国家统计局 居民收入和消费支出情况
pc_cons_amount,全国居民人均消费支出（分类）,中国,2024,居住,6263,元,国家统计局 居民收入和消费支出情况
pc_cons_share,全国居民人均消费支出构成,中国,2024,居住,22.2,%,国家统计局 居民收入和消费支出情况
pc_cons_amount,全国居民人均消费支出（分类）,中国,2024,生活用品及服务,1547,元,国家统计局 居民收入和消费支出情况
pc_cons_share,全国居民人均消费支出构成,中国,2024,生活用品及服务,5.5,%,国家统计局 居民收入和消费支出情况
pc_cons_amount,全国居民人均消费支出（分类）,中国,2024,交通通信,3976,元,国家统计局 居民收入和消费支出情况
pc_cons_share,全国居民人均消费支出构成,中国,2024,交通通信,14.1,%,国家统计局 居民收入和消费支出情况
pc_cons_amount,全国居民人均消费支出（分类）,中国,2024,教育文化娱乐,3189,元,国家统计局 居民收入和消费支出情况
pc_cons_share,全国居民人均消费支出构成,中国,2024,教育文化娱乐,11.3,%,国家统计局 居民收入和消费支出情况
pc_cons_amount,全国居民人均消费支出（分类）,中国,2024,医疗保健,2547,元,国家统计局 居民收入和消费支出情况
pc_cons_share,全国居民人均消费支出构成,中国,2024,医疗保健,9.0,%,国家统计局 居民收入和消费支出情况
pc_cons_amount,全国居民人均消费支出（分类）,中国,2024,其他用品及服务,773,元,国家统计局 居民收入和消费支出情况
pc_cons_share,全国居民人均消费支出构成,中国,2024,其他用品及服务,2.7,%,国家统计局 居民收入和消费支出情况
pc_cons_total,全国居民人均消费支出,中国,2024,,28227,元,国家统计局 居民收入和消费支出情况
pc_cons_amount,全国居民人均消费支出（分类）,中国,2025,食品烟酒,8631,元,国家统计局 居民收入和消费支出情况
pc_cons_share,全国居民人均消费支出构成,中国,2025,食品烟酒,29.3,%,国家统计局 居民收入和消费支出情况
pc_cons_amount,全国居民人均消费支出（分类）,中国,2025,衣着,1554,元,国家统计局 居民收入和消费支出情况
pc_cons_share,全国居民人均消费支出构成,中国,2025,衣着,5.3,%,国家统计局 居民收入和消费支出情况
pc_cons_amount,全国居民人均消费支出（分类）,中国,2025,居住,6397,元,国家统计局 居民收入和消费支出情况
pc_cons_share,全国居民人均消费支出构成,中国,2025,居住,21.7,%,国家统计局 居民收入和消费支出情况
pc_cons_amount,全国居民人均消费支出（分类）,中国,2025,生活用品及服务,1667,元,国家统计局 居民收入和消费支出情况
pc_cons_share,全国居民人均消费支出构成,中国,2025,生活用品及服务,5.7,%,国家统计局 居民收入和消费支出情况
pc_cons_amount,全国居民人均消费支出（分类）,中国,2025,交通通信,4306,元,国家统计局 居民收入和消费支出情况
pc_cons_share,全国居民人均消费支出构成,中国,2025,交通通信,14.6,%,国家统计局 居民收入和消费支出情况
pc_cons_amount,全国居民人均消费支出（分类）,中国,2025,教育文化娱乐,3489,元,国家统计局 居民收入和消费支出情况
pc_cons_share,全国居民人均消费支出构成,中国,2025,教育文化娱乐,11.8,%,国家统计局 居民收入和消费支出情况
pc_cons_amount,全国居民人均消费支出（分类）,中国,2025,医疗保健,2573,元,国家统计局 居民收入和消费支出情况
pc_cons_share,全国居民人均消费支出构成,中国,2025,医疗保健,8.7,%,国家统计局 居民收入和消费支出情况
pc_cons_amount,全国居民人均消费支出（分类）,中国,2025,其他用品及服务,859,元,国家统计局 居民收入和消费支出情况
pc_cons_share,全国居民人均消费支出构成,中国,2025,其他用品及服务,2.9,%,国家统计局 居民收入和消费支出情况
pc_cons_total,全国居民人均消费支出,中国,2025,,29476,元,国家统计局 居民收入和消费支出情况
pce_cat_share,PCE分项占比,美国,2000,住房与水电燃气,17.7,%,BEA via FRED
pce_cat_share,PCE分项占比,美国,2025,住房与水电燃气,18.3,%,BEA via FRED
pce_cat_share,PCE分项占比,美国,2000,其他商品与服务,17.7,%,BEA via FRED
pce_cat_share,PCE分项占比,美国,2025,其他商品与服务,17.9,%,BEA via FRED
pce_cat_share,PCE分项占比,美国,2000,医疗保健,13.6,%,BEA via FRED
pce_cat_share,PCE分项占比,美国,2025,医疗保健,17.1,%,BEA via FRED
pce_cat_share,PCE分项占比,美国,2000,金融服务与保险,8.0,%,BEA via FRED
pce_cat_share,PCE分项占比,美国,2025,金融服务与保险,7.9,%,BEA via FRED
pce_cat_share,PCE分项占比,美国,2000,家庭食品（在家吃）,8.0,%,BEA via FRED
pce_cat_share,PCE分项占比,美国,2025,家庭食品（在家吃）,7.3,%,BEA via FRED
pce_cat_share,PCE分项占比,美国,2000,餐饮与住宿,6.0,%,BEA via FRED
pce_cat_share,PCE分项占比,美国,2025,餐饮与住宿,7.2,%,BEA via FRED
pce_cat_share,PCE分项占比,美国,2000,娱乐服务,3.8,%,BEA via FRED
pce_cat_share,PCE分项占比,美国,2025,娱乐服务,3.9,%,BEA via FRED
pce_cat_share,PCE分项占比,美国,2000,汽车及零部件,5.4,%,BEA via FRED
pce_cat_share,PCE分项占比,美国,2025,汽车及零部件,3.7,%,BEA via FRED
pce_cat_share,PCE分项占比,美国,2000,交通服务,3.9,%,BEA via FRED
pce_cat_share,PCE分项占比,美国,2025,交通服务,3.4,%,BEA via FRED
pce_cat_share,PCE分项占比,美国,2000,娱乐用品与休闲车辆,3.4,%,BEA via FRED
pce_cat_share,PCE分项占比,美国,2025,娱乐用品与休闲车辆,3.3,%,BEA via FRED
pce_cat_share,PCE分项占比,美国,2000,非营利机构消费,2.3,%,BEA via FRED
pce_cat_share,PCE分项占比,美国,2025,非营利机构消费,2.9,%,BEA via FRED
pce_cat_share,PCE分项占比,美国,2000,服装鞋类,4.4,%,BEA via FRED
pce_cat_share,PCE分项占比,美国,2025,服装鞋类,2.8,%,BEA via FRED
pce_cat_share,PCE分项占比,美国,2000,家具与家用设备,3.1,%,BEA via FRED
pce_cat_share,PCE分项占比,美国,2025,家具与家用设备,2.4,%,BEA via FRED
pce_cat_share,PCE分项占比,美国,2000,汽油与其他能源商品,2.7,%,BEA via FRED
pce_cat_share,PCE分项占比,美国,2025,汽油与其他能源商品,2.0,%,BEA via FRED
hh_cons_gdp,居民消费占GDP比重,美国,2024,,67.9,%,世界银行 NE.CON.PRVT.ZS
hh_cons_gdp,居民消费占GDP比重,巴西,2024,,64.0,%,世界银行 NE.CON.PRVT.ZS
hh_cons_gdp,居民消费占GDP比重,英国,2024,,60.8,%,世界银行 NE.CON.PRVT.ZS
hh_cons_gdp,居民消费占GDP比重,世界平均,2024,,56.6,%,世界银行 NE.CON.PRVT.ZS
hh_cons_gdp,居民消费占GDP比重,印度,2024,,56.5,%,世界银行 NE.CON.PRVT.ZS
hh_cons_gdp,居民消费占GDP比重,法国,2024,,54.6,%,世界银行 NE.CON.PRVT.ZS
hh_cons_gdp,居民消费占GDP比重,日本,2024,,53.1,%,世界银行 NE.CON.PRVT.ZS
hh_cons_gdp,居民消费占GDP比重,德国,2024,,52.7,%,世界银行 NE.CON.PRVT.ZS
hh_cons_gdp,居民消费占GDP比重,韩国,2024,,48.5,%,世界银行 NE.CON.PRVT.ZS
hh_cons_gdp,居民消费占GDP比重,中国,2024,,40.0,%,世界银行 NE.CON.PRVT.ZS
